firstName,lastName,mobileNumber,email,role,password,confirm_password,termsAgreed,isOnBoardingCompleted
siva,a,8000000000,kane4@mailinator.com,2,123123,123123,1,1
siva,b,8000000001,kane5@mailinator.com,2,123123,123123,1,1
siva,a,8000000002,kane6@mailinator.com,2,123123,123123,1,1
siva,b,8000000003,kane7@mailinator.com,2,123123,123123,1,1
siva,a,8000000004,kane1002@mailinator.com,2,123123,123123,1,1
siva,b,8000000005,kane8@mailinator.com,2,123123,123123,1,1
siva,a,8000000006,kane9@mailinator.com,2,123123,123123,1,1
siva,b,8000000007,kane10@mailinator.com,2,123123,123123,1,1
siva,a,8000000008,kane11@mailinator.com,2,123123,123123,1,1
siva,b,8000000009,kane12@mailinator.com,2,123123,123123,1,1
siva,a,8000000010,kane13@mailinator.com,2,123123,123123,1,1
siva,b,8000000011,kane14@mailinator.com,2,123123,123123,1,1
siva,a,8000000012,kane15@mailinator.com,2,123123,123123,1,1
siva,b,8000000013,kane16@mailinator.com,2,123123,123123,1,1
siva,a,8000000014,kane17@mailinator.com,2,123123,123123,1,1
siva,b,8000000015,kane18@mailinator.com,2,123123,123123,1,1
siva,a,8000000016,kane19@mailinator.com,2,123123,123123,1,1
siva,b,8000000017,kane20@mailinator.com,2,123123,123123,1,1
siva,a,8000000018,kane21@mailinator.com,2,123123,123123,1,1
siva,b,8000000019,kane22@mailinator.com,2,123123,123123,1,1
siva,a,8000000020,kane23@mailinator.com,2,123123,123123,1,1
siva,b,8000000021,kane24@mailinator.com,2,123123,123123,1,1
siva,a,8000000022,kane25@mailinator.com,2,123123,123123,1,1
siva,b,8000000023,kane26@mailinator.com,2,123123,123123,1,1
siva,a,8000000024,kane27@mailinator.com,2,123123,123123,1,1
siva,b,8000000025,kane28@mailinator.com,2,123123,123123,1,1
siva,a,8000000026,kane29@mailinator.com,2,123123,123123,1,1
siva,b,8000000027,kane30@mailinator.com,2,123123,123123,1,1
siva,a,8000000028,kane31@mailinator.com,2,123123,123123,1,1
siva,b,8000000029,kane32@mailinator.com,2,123123,123123,1,1
siva,a,8000000030,kane33@mailinator.com,2,123123,123123,1,1
siva,b,8000000031,kane34@mailinator.com,2,123123,123123,1,1
siva,a,8000000032,kane35@mailinator.com,2,123123,123123,1,1
siva,b,8000000033,kane36@mailinator.com,2,123123,123123,1,1
siva,a,8000000034,kane37@mailinator.com,2,123123,123123,1,1
siva,b,8000000035,kane38@mailinator.com,2,123123,123123,1,1
siva,a,8000000036,kane39@mailinator.com,2,123123,123123,1,1
siva,b,8000000037,kane40@mailinator.com,2,123123,123123,1,1
siva,a,8000000038,kane41@mailinator.com,2,123123,123123,1,1
siva,b,8000000039,kane42@mailinator.com,2,123123,123123,1,1
siva,a,8000000040,kane43@mailinator.com,2,123123,123123,1,1
siva,b,8000000041,kane44@mailinator.com,2,123123,123123,1,1
siva,a,8000000042,kane45@mailinator.com,2,123123,123123,1,1
siva,b,8000000043,kane46@mailinator.com,2,123123,123123,1,1
siva,a,8000000044,kane47@mailinator.com,2,123123,123123,1,1
siva,b,8000000045,kane48@mailinator.com,2,123123,123123,1,1
siva,a,8000000046,kane49@mailinator.com,2,123123,123123,1,1
siva,b,8000000047,kane50@mailinator.com,2,123123,123123,1,1
siva,a,8000000048,kane51@mailinator.com,2,123123,123123,1,1
siva,b,8000000049,kane52@mailinator.com,2,123123,123123,1,1
siva,a,8000000050,kane53@mailinator.com,2,123123,123123,1,1
siva,b,8000000051,kane54@mailinator.com,2,123123,123123,1,1
siva,a,8000000052,kane55@mailinator.com,2,123123,123123,1,1
siva,b,8000000053,kane56@mailinator.com,2,123123,123123,1,1
siva,a,8000000054,kane57@mailinator.com,2,123123,123123,1,1
siva,b,8000000055,kane58@mailinator.com,2,123123,123123,1,1
siva,a,8000000056,kane59@mailinator.com,2,123123,123123,1,1
siva,b,8000000057,kane60@mailinator.com,2,123123,123123,1,1
siva,a,8000000058,kane61@mailinator.com,2,123123,123123,1,1
siva,b,8000000059,kane62@mailinator.com,2,123123,123123,1,1
siva,a,8000000060,kane63@mailinator.com,2,123123,123123,1,1
siva,b,8000000061,kane64@mailinator.com,2,123123,123123,1,1
siva,a,8000000062,kane65@mailinator.com,2,123123,123123,1,1
siva,b,8000000063,kane66@mailinator.com,2,123123,123123,1,1
siva,a,8000000064,kane67@mailinator.com,2,123123,123123,1,1
siva,b,8000000065,kane68@mailinator.com,2,123123,123123,1,1
siva,a,8000000066,kane69@mailinator.com,2,123123,123123,1,1
siva,b,8000000067,kane70@mailinator.com,2,123123,123123,1,1
siva,a,8000000068,kane71@mailinator.com,2,123123,123123,1,1
siva,b,8000000069,kane72@mailinator.com,2,123123,123123,1,1
siva,a,8000000070,kane73@mailinator.com,2,123123,123123,1,1
siva,b,8000000071,kane74@mailinator.com,2,123123,123123,1,1
siva,a,8000000072,kane75@mailinator.com,2,123123,123123,1,1
siva,b,8000000073,kane76@mailinator.com,2,123123,123123,1,1
siva,a,8000000074,kane77@mailinator.com,2,123123,123123,1,1
siva,b,8000000075,kane78@mailinator.com,2,123123,123123,1,1
siva,a,8000000076,kane79@mailinator.com,2,123123,123123,1,1
siva,b,8000000077,kane80@mailinator.com,2,123123,123123,1,1
siva,a,8000000078,kane81@mailinator.com,2,123123,123123,1,1
siva,b,8000000079,kane82@mailinator.com,2,123123,123123,1,1
siva,a,8000000080,kane83@mailinator.com,2,123123,123123,1,1
siva,b,8000000081,kane84@mailinator.com,2,123123,123123,1,1
siva,a,8000000082,kane85@mailinator.com,2,123123,123123,1,1
siva,b,8000000083,kane86@mailinator.com,2,123123,123123,1,1
siva,a,8000000084,kane87@mailinator.com,2,123123,123123,1,1
siva,b,8000000085,kane88@mailinator.com,2,123123,123123,1,1
siva,a,8000000086,kane89@mailinator.com,2,123123,123123,1,1
siva,b,8000000087,kane90@mailinator.com,2,123123,123123,1,1
siva,a,8000000088,kane91@mailinator.com,2,123123,123123,1,1
siva,b,8000000089,kane92@mailinator.com,2,123123,123123,1,1
siva,a,8000000090,kane93@mailinator.com,2,123123,123123,1,1
siva,b,8000000091,kane94@mailinator.com,2,123123,123123,1,1
siva,a,8000000092,kane95@mailinator.com,2,123123,123123,1,1
siva,b,8000000093,kane96@mailinator.com,2,123123,123123,1,1
siva,a,8000000094,kane97@mailinator.com,2,123123,123123,1,1
siva,b,8000000095,kane98@mailinator.com,2,123123,123123,1,1
siva,a,8000000096,kane99@mailinator.com,2,123123,123123,1,1
siva,b,8000000097,kane100@mailinator.com,2,123123,123123,1,1
siva,a,8000000098,kane101@mailinator.com,2,123123,123123,1,1
siva,b,8000000099,kane102@mailinator.com,2,123123,123123,1,1
siva,a,8000000100,kane103@mailinator.com,2,123123,123123,1,1
siva,b,8000000101,kane104@mailinator.com,2,123123,123123,1,1
siva,a,8000000102,kane105@mailinator.com,2,123123,123123,1,1
siva,b,8000000103,kane106@mailinator.com,2,123123,123123,1,1
siva,a,8000000104,kane107@mailinator.com,2,123123,123123,1,1
siva,b,8000000105,kane108@mailinator.com,2,123123,123123,1,1
siva,a,8000000106,kane109@mailinator.com,2,123123,123123,1,1
siva,b,8000000107,kane110@mailinator.com,2,123123,123123,1,1
siva,a,8000000108,kane111@mailinator.com,2,123123,123123,1,1
siva,b,8000000109,kane112@mailinator.com,2,123123,123123,1,1
siva,a,8000000110,kane113@mailinator.com,2,123123,123123,1,1
siva,b,8000000111,kane114@mailinator.com,2,123123,123123,1,1
siva,a,8000000112,kane115@mailinator.com,2,123123,123123,1,1
siva,b,8000000113,kane116@mailinator.com,2,123123,123123,1,1
siva,a,8000000114,kane117@mailinator.com,2,123123,123123,1,1
siva,b,8000000115,kane118@mailinator.com,2,123123,123123,1,1
siva,a,8000000116,kane119@mailinator.com,2,123123,123123,1,1
siva,b,8000000117,kane120@mailinator.com,2,123123,123123,1,1
siva,a,8000000118,kane121@mailinator.com,2,123123,123123,1,1
siva,b,8000000119,kane122@mailinator.com,2,123123,123123,1,1
siva,a,8000000120,kane123@mailinator.com,2,123123,123123,1,1
siva,b,8000000121,kane124@mailinator.com,2,123123,123123,1,1
siva,a,8000000122,kane125@mailinator.com,2,123123,123123,1,1
siva,b,8000000123,kane126@mailinator.com,2,123123,123123,1,1
siva,a,8000000124,kane127@mailinator.com,2,123123,123123,1,1
siva,b,8000000125,kane128@mailinator.com,2,123123,123123,1,1
siva,a,8000000126,kane129@mailinator.com,2,123123,123123,1,1
siva,b,8000000127,kane130@mailinator.com,2,123123,123123,1,1
siva,a,8000000128,kane131@mailinator.com,2,123123,123123,1,1
siva,b,8000000129,kane132@mailinator.com,2,123123,123123,1,1
siva,a,8000000130,kane133@mailinator.com,2,123123,123123,1,1
siva,b,8000000131,kane134@mailinator.com,2,123123,123123,1,1
siva,a,8000000132,kane135@mailinator.com,2,123123,123123,1,1
siva,b,8000000133,kane136@mailinator.com,2,123123,123123,1,1
siva,a,8000000134,kane137@mailinator.com,2,123123,123123,1,1
siva,b,8000000135,kane138@mailinator.com,2,123123,123123,1,1
siva,a,8000000136,kane139@mailinator.com,2,123123,123123,1,1
siva,b,8000000137,kane140@mailinator.com,2,123123,123123,1,1
siva,a,8000000138,kane141@mailinator.com,2,123123,123123,1,1
siva,b,8000000139,kane142@mailinator.com,2,123123,123123,1,1
siva,a,8000000140,kane143@mailinator.com,2,123123,123123,1,1
siva,b,8000000141,kane144@mailinator.com,2,123123,123123,1,1
siva,a,8000000142,kane145@mailinator.com,2,123123,123123,1,1
siva,b,8000000143,kane146@mailinator.com,2,123123,123123,1,1
siva,a,8000000144,kane147@mailinator.com,2,123123,123123,1,1
siva,b,8000000145,kane148@mailinator.com,2,123123,123123,1,1
siva,a,8000000146,kane149@mailinator.com,2,123123,123123,1,1
siva,b,8000000147,kane150@mailinator.com,2,123123,123123,1,1
siva,a,8000000148,kane151@mailinator.com,2,123123,123123,1,1
siva,b,8000000149,kane152@mailinator.com,2,123123,123123,1,1
siva,a,8000000150,kane153@mailinator.com,2,123123,123123,1,1
siva,b,8000000151,kane154@mailinator.com,2,123123,123123,1,1
siva,a,8000000152,kane155@mailinator.com,2,123123,123123,1,1
siva,b,8000000153,kane156@mailinator.com,2,123123,123123,1,1
siva,a,8000000154,kane157@mailinator.com,2,123123,123123,1,1
siva,b,8000000155,kane158@mailinator.com,2,123123,123123,1,1
siva,a,8000000156,kane159@mailinator.com,2,123123,123123,1,1
siva,b,8000000157,kane160@mailinator.com,2,123123,123123,1,1
siva,a,8000000158,kane161@mailinator.com,2,123123,123123,1,1
siva,b,8000000159,kane162@mailinator.com,2,123123,123123,1,1
siva,a,8000000160,kane163@mailinator.com,2,123123,123123,1,1
siva,b,8000000161,kane164@mailinator.com,2,123123,123123,1,1
siva,a,8000000162,kane165@mailinator.com,2,123123,123123,1,1
siva,b,8000000163,kane166@mailinator.com,2,123123,123123,1,1
siva,a,8000000164,kane167@mailinator.com,2,123123,123123,1,1
siva,b,8000000165,kane168@mailinator.com,2,123123,123123,1,1
siva,a,8000000166,kane169@mailinator.com,2,123123,123123,1,1
siva,b,8000000167,kane170@mailinator.com,2,123123,123123,1,1
siva,a,8000000168,kane171@mailinator.com,2,123123,123123,1,1
siva,b,8000000169,kane172@mailinator.com,2,123123,123123,1,1
siva,a,8000000170,kane173@mailinator.com,2,123123,123123,1,1
siva,b,8000000171,kane174@mailinator.com,2,123123,123123,1,1
siva,a,8000000172,kane175@mailinator.com,2,123123,123123,1,1
siva,b,8000000173,kane176@mailinator.com,2,123123,123123,1,1
siva,a,8000000174,kane177@mailinator.com,2,123123,123123,1,1
siva,b,8000000175,kane178@mailinator.com,2,123123,123123,1,1
siva,a,8000000176,kane179@mailinator.com,2,123123,123123,1,1
siva,b,8000000177,kane180@mailinator.com,2,123123,123123,1,1
siva,a,8000000178,kane181@mailinator.com,2,123123,123123,1,1
siva,b,8000000179,kane182@mailinator.com,2,123123,123123,1,1
siva,a,8000000180,kane183@mailinator.com,2,123123,123123,1,1
siva,b,8000000181,kane184@mailinator.com,2,123123,123123,1,1
siva,a,8000000182,kane185@mailinator.com,2,123123,123123,1,1
siva,b,8000000183,kane186@mailinator.com,2,123123,123123,1,1
siva,a,8000000184,kane187@mailinator.com,2,123123,123123,1,1
siva,b,8000000185,kane188@mailinator.com,2,123123,123123,1,1
siva,a,8000000186,kane189@mailinator.com,2,123123,123123,1,1
siva,b,8000000187,kane190@mailinator.com,2,123123,123123,1,1
siva,a,8000000188,kane191@mailinator.com,2,123123,123123,1,1
siva,b,8000000189,kane192@mailinator.com,2,123123,123123,1,1
siva,a,8000000190,kane193@mailinator.com,2,123123,123123,1,1
siva,b,8000000191,kane194@mailinator.com,2,123123,123123,1,1
siva,a,8000000192,kane195@mailinator.com,2,123123,123123,1,1
siva,b,8000000193,kane196@mailinator.com,2,123123,123123,1,1
siva,a,8000000194,kane197@mailinator.com,2,123123,123123,1,1
siva,b,8000000195,kane198@mailinator.com,2,123123,123123,1,1
siva,a,8000000196,kane199@mailinator.com,2,123123,123123,1,1
siva,b,8000000197,kane200@mailinator.com,2,123123,123123,1,1
siva,a,8000000198,kane201@mailinator.com,2,123123,123123,1,1
siva,b,8000000199,kane202@mailinator.com,2,123123,123123,1,1
siva,a,8000000200,kane203@mailinator.com,2,123123,123123,1,1
siva,b,8000000201,kane204@mailinator.com,2,123123,123123,1,1
siva,a,8000000202,kane205@mailinator.com,2,123123,123123,1,1
siva,b,8000000203,kane206@mailinator.com,2,123123,123123,1,1
siva,a,8000000204,kane207@mailinator.com,2,123123,123123,1,1
siva,b,8000000205,kane208@mailinator.com,2,123123,123123,1,1
siva,a,8000000206,kane209@mailinator.com,2,123123,123123,1,1
siva,b,8000000207,kane210@mailinator.com,2,123123,123123,1,1
siva,a,8000000208,kane211@mailinator.com,2,123123,123123,1,1
siva,b,8000000209,kane212@mailinator.com,2,123123,123123,1,1
siva,a,8000000210,kane213@mailinator.com,2,123123,123123,1,1
siva,b,8000000211,kane214@mailinator.com,2,123123,123123,1,1
siva,a,8000000212,kane215@mailinator.com,2,123123,123123,1,1
siva,b,8000000213,kane216@mailinator.com,2,123123,123123,1,1
siva,a,8000000214,kane217@mailinator.com,2,123123,123123,1,1
siva,b,8000000215,kane218@mailinator.com,2,123123,123123,1,1
siva,a,8000000216,kane219@mailinator.com,2,123123,123123,1,1
siva,b,8000000217,kane220@mailinator.com,2,123123,123123,1,1
siva,a,8000000218,kane221@mailinator.com,2,123123,123123,1,1
siva,b,8000000219,kane222@mailinator.com,2,123123,123123,1,1
siva,a,8000000220,kane223@mailinator.com,2,123123,123123,1,1
siva,b,8000000221,kane224@mailinator.com,2,123123,123123,1,1
siva,a,8000000222,kane225@mailinator.com,2,123123,123123,1,1
siva,b,8000000223,kane226@mailinator.com,2,123123,123123,1,1
siva,a,8000000224,kane227@mailinator.com,2,123123,123123,1,1
siva,b,8000000225,kane228@mailinator.com,2,123123,123123,1,1
siva,a,8000000226,kane229@mailinator.com,2,123123,123123,1,1
siva,b,8000000227,kane230@mailinator.com,2,123123,123123,1,1
siva,a,8000000228,kane231@mailinator.com,2,123123,123123,1,1
siva,b,8000000229,kane232@mailinator.com,2,123123,123123,1,1
siva,a,8000000230,kane233@mailinator.com,2,123123,123123,1,1
siva,b,8000000231,kane234@mailinator.com,2,123123,123123,1,1
siva,a,8000000232,kane235@mailinator.com,2,123123,123123,1,1
siva,b,8000000233,kane236@mailinator.com,2,123123,123123,1,1
siva,a,8000000234,kane237@mailinator.com,2,123123,123123,1,1
siva,b,8000000235,kane238@mailinator.com,2,123123,123123,1,1
siva,a,8000000236,kane239@mailinator.com,2,123123,123123,1,1
siva,b,8000000237,kane240@mailinator.com,2,123123,123123,1,1
siva,a,8000000238,kane241@mailinator.com,2,123123,123123,1,1
siva,b,8000000239,kane242@mailinator.com,2,123123,123123,1,1
siva,a,8000000240,kane243@mailinator.com,2,123123,123123,1,1
siva,b,8000000241,kane244@mailinator.com,2,123123,123123,1,1
siva,a,8000000242,kane245@mailinator.com,2,123123,123123,1,1
siva,b,8000000243,kane246@mailinator.com,2,123123,123123,1,1
siva,a,8000000244,kane247@mailinator.com,2,123123,123123,1,1
siva,b,8000000245,kane248@mailinator.com,2,123123,123123,1,1
siva,a,8000000246,kane249@mailinator.com,2,123123,123123,1,1
siva,b,8000000247,kane250@mailinator.com,2,123123,123123,1,1
siva,a,8000000248,kane251@mailinator.com,2,123123,123123,1,1
siva,b,8000000249,kane252@mailinator.com,2,123123,123123,1,1
siva,a,8000000250,kane253@mailinator.com,2,123123,123123,1,1
siva,b,8000000251,kane254@mailinator.com,2,123123,123123,1,1
siva,a,8000000252,kane255@mailinator.com,2,123123,123123,1,1
siva,b,8000000253,kane256@mailinator.com,2,123123,123123,1,1
siva,a,8000000254,kane257@mailinator.com,2,123123,123123,1,1
siva,b,8000000255,kane258@mailinator.com,2,123123,123123,1,1
siva,a,8000000256,kane259@mailinator.com,2,123123,123123,1,1
siva,b,8000000257,kane260@mailinator.com,2,123123,123123,1,1
siva,a,8000000258,kane261@mailinator.com,2,123123,123123,1,1
siva,b,8000000259,kane262@mailinator.com,2,123123,123123,1,1
siva,a,8000000260,kane263@mailinator.com,2,123123,123123,1,1
siva,b,8000000261,kane264@mailinator.com,2,123123,123123,1,1
siva,a,8000000262,kane265@mailinator.com,2,123123,123123,1,1
siva,b,8000000263,kane266@mailinator.com,2,123123,123123,1,1
siva,a,8000000264,kane267@mailinator.com,2,123123,123123,1,1
siva,b,8000000265,kane268@mailinator.com,2,123123,123123,1,1
siva,a,8000000266,kane269@mailinator.com,2,123123,123123,1,1
siva,b,8000000267,kane270@mailinator.com,2,123123,123123,1,1
siva,a,8000000268,kane271@mailinator.com,2,123123,123123,1,1
siva,b,8000000269,kane272@mailinator.com,2,123123,123123,1,1
siva,a,8000000270,kane273@mailinator.com,2,123123,123123,1,1
siva,b,8000000271,kane274@mailinator.com,2,123123,123123,1,1
siva,a,8000000272,kane275@mailinator.com,2,123123,123123,1,1
siva,b,8000000273,kane276@mailinator.com,2,123123,123123,1,1
siva,a,8000000274,kane277@mailinator.com,2,123123,123123,1,1
siva,b,8000000275,kane278@mailinator.com,2,123123,123123,1,1
siva,a,8000000276,kane279@mailinator.com,2,123123,123123,1,1
siva,b,8000000277,kane280@mailinator.com,2,123123,123123,1,1
siva,a,8000000278,kane281@mailinator.com,2,123123,123123,1,1
siva,b,8000000279,kane282@mailinator.com,2,123123,123123,1,1
siva,a,8000000280,kane283@mailinator.com,2,123123,123123,1,1
siva,b,8000000281,kane284@mailinator.com,2,123123,123123,1,1
siva,a,8000000282,kane285@mailinator.com,2,123123,123123,1,1
siva,b,8000000283,kane286@mailinator.com,2,123123,123123,1,1
siva,a,8000000284,kane287@mailinator.com,2,123123,123123,1,1
siva,b,8000000285,kane288@mailinator.com,2,123123,123123,1,1
siva,a,8000000286,kane289@mailinator.com,2,123123,123123,1,1
siva,b,8000000287,kane290@mailinator.com,2,123123,123123,1,1
siva,a,8000000288,kane291@mailinator.com,2,123123,123123,1,1
siva,b,8000000289,kane292@mailinator.com,2,123123,123123,1,1
siva,a,8000000290,kane293@mailinator.com,2,123123,123123,1,1
siva,b,8000000291,kane294@mailinator.com,2,123123,123123,1,1
siva,a,8000000292,kane295@mailinator.com,2,123123,123123,1,1
siva,b,8000000293,kane296@mailinator.com,2,123123,123123,1,1
siva,a,8000000294,kane297@mailinator.com,2,123123,123123,1,1
siva,b,8000000295,kane298@mailinator.com,2,123123,123123,1,1
siva,a,8000000296,kane299@mailinator.com,2,123123,123123,1,1
siva,b,8000000297,kane300@mailinator.com,2,123123,123123,1,1
siva,a,8000000298,kane301@mailinator.com,2,123123,123123,1,1
siva,b,8000000299,kane302@mailinator.com,2,123123,123123,1,1
siva,a,8000000300,kane303@mailinator.com,2,123123,123123,1,1
siva,b,8000000301,kane304@mailinator.com,2,123123,123123,1,1
siva,a,8000000302,kane305@mailinator.com,2,123123,123123,1,1
siva,b,8000000303,kane306@mailinator.com,2,123123,123123,1,1
siva,a,8000000304,kane307@mailinator.com,2,123123,123123,1,1
siva,b,8000000305,kane308@mailinator.com,2,123123,123123,1,1
siva,a,8000000306,kane309@mailinator.com,2,123123,123123,1,1
siva,b,8000000307,kane310@mailinator.com,2,123123,123123,1,1
siva,a,8000000308,kane311@mailinator.com,2,123123,123123,1,1
siva,b,8000000309,kane312@mailinator.com,2,123123,123123,1,1
siva,a,8000000310,kane313@mailinator.com,2,123123,123123,1,1
siva,b,8000000311,kane314@mailinator.com,2,123123,123123,1,1
siva,a,8000000312,kane315@mailinator.com,2,123123,123123,1,1
siva,b,8000000313,kane316@mailinator.com,2,123123,123123,1,1
siva,a,8000000314,kane317@mailinator.com,2,123123,123123,1,1
siva,b,8000000315,kane318@mailinator.com,2,123123,123123,1,1
siva,a,8000000316,kane319@mailinator.com,2,123123,123123,1,1
siva,b,8000000317,kane320@mailinator.com,2,123123,123123,1,1
siva,a,8000000318,kane321@mailinator.com,2,123123,123123,1,1
siva,b,8000000319,kane322@mailinator.com,2,123123,123123,1,1
siva,a,8000000320,kane323@mailinator.com,2,123123,123123,1,1
siva,b,8000000321,kane324@mailinator.com,2,123123,123123,1,1
siva,a,8000000322,kane325@mailinator.com,2,123123,123123,1,1
siva,b,8000000323,kane326@mailinator.com,2,123123,123123,1,1
siva,a,8000000324,kane327@mailinator.com,2,123123,123123,1,1
siva,b,8000000325,kane328@mailinator.com,2,123123,123123,1,1
siva,a,8000000326,kane329@mailinator.com,2,123123,123123,1,1
siva,b,8000000327,kane330@mailinator.com,2,123123,123123,1,1
siva,a,8000000328,kane331@mailinator.com,2,123123,123123,1,1
siva,b,8000000329,kane332@mailinator.com,2,123123,123123,1,1
siva,a,8000000330,kane333@mailinator.com,2,123123,123123,1,1
siva,b,8000000331,kane334@mailinator.com,2,123123,123123,1,1
siva,a,8000000332,kane335@mailinator.com,2,123123,123123,1,1
siva,b,8000000333,kane336@mailinator.com,2,123123,123123,1,1
siva,a,8000000334,kane337@mailinator.com,2,123123,123123,1,1
siva,b,8000000335,kane338@mailinator.com,2,123123,123123,1,1
siva,a,8000000336,kane339@mailinator.com,2,123123,123123,1,1
siva,b,8000000337,kane340@mailinator.com,2,123123,123123,1,1
siva,a,8000000338,kane341@mailinator.com,2,123123,123123,1,1
siva,b,8000000339,kane342@mailinator.com,2,123123,123123,1,1
siva,a,8000000340,kane343@mailinator.com,2,123123,123123,1,1
siva,b,8000000341,kane344@mailinator.com,2,123123,123123,1,1
siva,a,8000000342,kane345@mailinator.com,2,123123,123123,1,1
siva,b,8000000343,kane346@mailinator.com,2,123123,123123,1,1
siva,a,8000000344,kane347@mailinator.com,2,123123,123123,1,1
siva,b,8000000345,kane348@mailinator.com,2,123123,123123,1,1
siva,a,8000000346,kane349@mailinator.com,2,123123,123123,1,1
siva,b,8000000347,kane350@mailinator.com,2,123123,123123,1,1
siva,a,8000000348,kane351@mailinator.com,2,123123,123123,1,1
siva,b,8000000349,kane352@mailinator.com,2,123123,123123,1,1
siva,a,8000000350,kane353@mailinator.com,2,123123,123123,1,1
siva,b,8000000351,kane354@mailinator.com,2,123123,123123,1,1
siva,a,8000000352,kane355@mailinator.com,2,123123,123123,1,1
siva,b,8000000353,kane356@mailinator.com,2,123123,123123,1,1
siva,a,8000000354,kane357@mailinator.com,2,123123,123123,1,1
siva,b,8000000355,kane358@mailinator.com,2,123123,123123,1,1
siva,a,8000000356,kane359@mailinator.com,2,123123,123123,1,1
siva,b,8000000357,kane360@mailinator.com,2,123123,123123,1,1
siva,a,8000000358,kane361@mailinator.com,2,123123,123123,1,1
siva,b,8000000359,kane362@mailinator.com,2,123123,123123,1,1
siva,a,8000000360,kane363@mailinator.com,2,123123,123123,1,1
siva,b,8000000361,kane364@mailinator.com,2,123123,123123,1,1
siva,a,8000000362,kane365@mailinator.com,2,123123,123123,1,1
siva,b,8000000363,kane366@mailinator.com,2,123123,123123,1,1
siva,a,8000000364,kane367@mailinator.com,2,123123,123123,1,1
siva,b,8000000365,kane368@mailinator.com,2,123123,123123,1,1
siva,a,8000000366,kane369@mailinator.com,2,123123,123123,1,1
siva,b,8000000367,kane370@mailinator.com,2,123123,123123,1,1
siva,a,8000000368,kane371@mailinator.com,2,123123,123123,1,1
siva,b,8000000369,kane372@mailinator.com,2,123123,123123,1,1
siva,a,8000000370,kane373@mailinator.com,2,123123,123123,1,1
siva,b,8000000371,kane374@mailinator.com,2,123123,123123,1,1
siva,a,8000000372,kane375@mailinator.com,2,123123,123123,1,1
siva,b,8000000373,kane376@mailinator.com,2,123123,123123,1,1
siva,a,8000000374,kane377@mailinator.com,2,123123,123123,1,1
siva,b,8000000375,kane378@mailinator.com,2,123123,123123,1,1
siva,a,8000000376,kane379@mailinator.com,2,123123,123123,1,1
siva,b,8000000377,kane380@mailinator.com,2,123123,123123,1,1
siva,a,8000000378,kane381@mailinator.com,2,123123,123123,1,1
siva,b,8000000379,kane382@mailinator.com,2,123123,123123,1,1
siva,a,8000000380,kane383@mailinator.com,2,123123,123123,1,1
siva,b,8000000381,kane384@mailinator.com,2,123123,123123,1,1
siva,a,8000000382,kane385@mailinator.com,2,123123,123123,1,1
siva,b,8000000383,kane386@mailinator.com,2,123123,123123,1,1
siva,a,8000000384,kane387@mailinator.com,2,123123,123123,1,1
siva,b,8000000385,kane388@mailinator.com,2,123123,123123,1,1
siva,a,8000000386,kane389@mailinator.com,2,123123,123123,1,1
siva,b,8000000387,kane390@mailinator.com,2,123123,123123,1,1
siva,a,8000000388,kane391@mailinator.com,2,123123,123123,1,1
siva,b,8000000389,kane392@mailinator.com,2,123123,123123,1,1
siva,a,8000000390,kane393@mailinator.com,2,123123,123123,1,1
siva,b,8000000391,kane394@mailinator.com,2,123123,123123,1,1
siva,a,8000000392,kane395@mailinator.com,2,123123,123123,1,1
siva,b,8000000393,kane396@mailinator.com,2,123123,123123,1,1
siva,a,8000000394,kane397@mailinator.com,2,123123,123123,1,1
siva,b,8000000395,kane398@mailinator.com,2,123123,123123,1,1
siva,a,8000000396,kane399@mailinator.com,2,123123,123123,1,1
siva,b,8000000397,kane400@mailinator.com,2,123123,123123,1,1
siva,a,8000000398,kane401@mailinator.com,2,123123,123123,1,1
siva,b,8000000399,kane402@mailinator.com,2,123123,123123,1,1
siva,a,8000000400,kane403@mailinator.com,2,123123,123123,1,1
siva,b,8000000401,kane404@mailinator.com,2,123123,123123,1,1
siva,a,8000000402,kane405@mailinator.com,2,123123,123123,1,1
siva,b,8000000403,kane406@mailinator.com,2,123123,123123,1,1
siva,a,8000000404,kane407@mailinator.com,2,123123,123123,1,1
siva,b,8000000405,kane408@mailinator.com,2,123123,123123,1,1
siva,a,8000000406,kane409@mailinator.com,2,123123,123123,1,1
siva,b,8000000407,kane410@mailinator.com,2,123123,123123,1,1
siva,a,8000000408,kane411@mailinator.com,2,123123,123123,1,1
siva,b,8000000409,kane412@mailinator.com,2,123123,123123,1,1
siva,a,8000000410,kane413@mailinator.com,2,123123,123123,1,1
siva,b,8000000411,kane414@mailinator.com,2,123123,123123,1,1
siva,a,8000000412,kane415@mailinator.com,2,123123,123123,1,1
siva,b,8000000413,kane416@mailinator.com,2,123123,123123,1,1
siva,a,8000000414,kane417@mailinator.com,2,123123,123123,1,1
siva,b,8000000415,kane418@mailinator.com,2,123123,123123,1,1
siva,a,8000000416,kane419@mailinator.com,2,123123,123123,1,1
siva,b,8000000417,kane420@mailinator.com,2,123123,123123,1,1
siva,a,8000000418,kane421@mailinator.com,2,123123,123123,1,1
siva,b,8000000419,kane422@mailinator.com,2,123123,123123,1,1
siva,a,8000000420,kane423@mailinator.com,2,123123,123123,1,1
siva,b,8000000421,kane424@mailinator.com,2,123123,123123,1,1
siva,a,8000000422,kane425@mailinator.com,2,123123,123123,1,1
siva,b,8000000423,kane426@mailinator.com,2,123123,123123,1,1
siva,a,8000000424,kane427@mailinator.com,2,123123,123123,1,1
siva,b,8000000425,kane428@mailinator.com,2,123123,123123,1,1
siva,a,8000000426,kane429@mailinator.com,2,123123,123123,1,1
siva,b,8000000427,kane430@mailinator.com,2,123123,123123,1,1
siva,a,8000000428,kane431@mailinator.com,2,123123,123123,1,1
siva,b,8000000429,kane432@mailinator.com,2,123123,123123,1,1
siva,a,8000000430,kane433@mailinator.com,2,123123,123123,1,1
siva,b,8000000431,kane434@mailinator.com,2,123123,123123,1,1
siva,a,8000000432,kane435@mailinator.com,2,123123,123123,1,1
siva,b,8000000433,kane436@mailinator.com,2,123123,123123,1,1
siva,a,8000000434,kane437@mailinator.com,2,123123,123123,1,1
siva,b,8000000435,kane438@mailinator.com,2,123123,123123,1,1
siva,a,8000000436,kane439@mailinator.com,2,123123,123123,1,1
siva,b,8000000437,kane440@mailinator.com,2,123123,123123,1,1
siva,a,8000000438,kane441@mailinator.com,2,123123,123123,1,1
siva,b,8000000439,kane442@mailinator.com,2,123123,123123,1,1
siva,a,8000000440,kane443@mailinator.com,2,123123,123123,1,1
siva,b,8000000441,kane444@mailinator.com,2,123123,123123,1,1
siva,a,8000000442,kane445@mailinator.com,2,123123,123123,1,1
siva,b,8000000443,kane446@mailinator.com,2,123123,123123,1,1
siva,a,8000000444,kane447@mailinator.com,2,123123,123123,1,1
siva,b,8000000445,kane448@mailinator.com,2,123123,123123,1,1
siva,a,8000000446,kane449@mailinator.com,2,123123,123123,1,1
siva,b,8000000447,kane450@mailinator.com,2,123123,123123,1,1
siva,a,8000000448,kane451@mailinator.com,2,123123,123123,1,1
siva,b,8000000449,kane452@mailinator.com,2,123123,123123,1,1
siva,a,8000000450,kane453@mailinator.com,2,123123,123123,1,1
siva,b,8000000451,kane454@mailinator.com,2,123123,123123,1,1
siva,a,8000000452,kane455@mailinator.com,2,123123,123123,1,1
siva,b,8000000453,kane456@mailinator.com,2,123123,123123,1,1
siva,a,8000000454,kane457@mailinator.com,2,123123,123123,1,1
siva,b,8000000455,kane458@mailinator.com,2,123123,123123,1,1
siva,a,8000000456,kane459@mailinator.com,2,123123,123123,1,1
siva,b,8000000457,kane460@mailinator.com,2,123123,123123,1,1
siva,a,8000000458,kane461@mailinator.com,2,123123,123123,1,1
siva,b,8000000459,kane462@mailinator.com,2,123123,123123,1,1
siva,a,8000000460,kane463@mailinator.com,2,123123,123123,1,1
siva,b,8000000461,kane464@mailinator.com,2,123123,123123,1,1
siva,a,8000000462,kane465@mailinator.com,2,123123,123123,1,1
siva,b,8000000463,kane466@mailinator.com,2,123123,123123,1,1
siva,a,8000000464,kane467@mailinator.com,2,123123,123123,1,1
siva,b,8000000465,kane468@mailinator.com,2,123123,123123,1,1
siva,a,8000000466,kane469@mailinator.com,2,123123,123123,1,1
siva,b,8000000467,kane470@mailinator.com,2,123123,123123,1,1
siva,a,8000000468,kane471@mailinator.com,2,123123,123123,1,1
siva,b,8000000469,kane472@mailinator.com,2,123123,123123,1,1
siva,a,8000000470,kane473@mailinator.com,2,123123,123123,1,1
siva,b,8000000471,kane474@mailinator.com,2,123123,123123,1,1
siva,a,8000000472,kane475@mailinator.com,2,123123,123123,1,1
siva,b,8000000473,kane476@mailinator.com,2,123123,123123,1,1
siva,a,8000000474,kane477@mailinator.com,2,123123,123123,1,1
siva,b,8000000475,kane478@mailinator.com,2,123123,123123,1,1
siva,a,8000000476,kane479@mailinator.com,2,123123,123123,1,1
siva,b,8000000477,kane480@mailinator.com,2,123123,123123,1,1
siva,a,8000000478,kane481@mailinator.com,2,123123,123123,1,1
siva,b,8000000479,kane482@mailinator.com,2,123123,123123,1,1
siva,a,8000000480,kane483@mailinator.com,2,123123,123123,1,1
siva,b,8000000481,kane484@mailinator.com,2,123123,123123,1,1
siva,a,8000000482,kane485@mailinator.com,2,123123,123123,1,1
siva,b,8000000483,kane486@mailinator.com,2,123123,123123,1,1
siva,a,8000000484,kane487@mailinator.com,2,123123,123123,1,1
siva,b,8000000485,kane488@mailinator.com,2,123123,123123,1,1
siva,a,8000000486,kane489@mailinator.com,2,123123,123123,1,1
siva,b,8000000487,kane490@mailinator.com,2,123123,123123,1,1
siva,a,8000000488,kane491@mailinator.com,2,123123,123123,1,1
siva,b,8000000489,kane492@mailinator.com,2,123123,123123,1,1
siva,a,8000000490,kane493@mailinator.com,2,123123,123123,1,1
siva,b,8000000491,kane494@mailinator.com,2,123123,123123,1,1
siva,a,8000000492,kane495@mailinator.com,2,123123,123123,1,1
siva,b,8000000493,kane496@mailinator.com,2,123123,123123,1,1
siva,a,8000000494,kane497@mailinator.com,2,123123,123123,1,1
siva,b,8000000495,kane498@mailinator.com,2,123123,123123,1,1
siva,a,8000000496,kane499@mailinator.com,2,123123,123123,1,1
siva,b,8000000497,kane500@mailinator.com,2,123123,123123,1,1
siva,a,8000000498,kane501@mailinator.com,2,123123,123123,1,1
siva,b,8000000499,kane502@mailinator.com,2,123123,123123,1,1
siva,a,8000000500,kane503@mailinator.com,2,123123,123123,1,1
siva,b,8000000501,kane504@mailinator.com,2,123123,123123,1,1
siva,a,8000000502,kane505@mailinator.com,2,123123,123123,1,1
siva,b,8000000503,kane506@mailinator.com,2,123123,123123,1,1
siva,a,8000000504,kane507@mailinator.com,2,123123,123123,1,1
siva,b,8000000505,kane508@mailinator.com,2,123123,123123,1,1
siva,a,8000000506,kane509@mailinator.com,2,123123,123123,1,1
siva,b,8000000507,kane510@mailinator.com,2,123123,123123,1,1
siva,a,8000000508,kane511@mailinator.com,2,123123,123123,1,1
siva,b,8000000509,kane512@mailinator.com,2,123123,123123,1,1
siva,a,8000000510,kane513@mailinator.com,2,123123,123123,1,1
siva,b,8000000511,kane514@mailinator.com,2,123123,123123,1,1
siva,a,8000000512,kane515@mailinator.com,2,123123,123123,1,1
siva,b,8000000513,kane516@mailinator.com,2,123123,123123,1,1
siva,a,8000000514,kane517@mailinator.com,2,123123,123123,1,1
siva,b,8000000515,kane518@mailinator.com,2,123123,123123,1,1
siva,a,8000000516,kane519@mailinator.com,2,123123,123123,1,1
siva,b,8000000517,kane520@mailinator.com,2,123123,123123,1,1
siva,a,8000000518,kane521@mailinator.com,2,123123,123123,1,1
siva,b,8000000519,kane522@mailinator.com,2,123123,123123,1,1
siva,a,8000000520,kane523@mailinator.com,2,123123,123123,1,1
siva,b,8000000521,kane524@mailinator.com,2,123123,123123,1,1
siva,a,8000000522,kane525@mailinator.com,2,123123,123123,1,1
siva,b,8000000523,kane526@mailinator.com,2,123123,123123,1,1
siva,a,8000000524,kane527@mailinator.com,2,123123,123123,1,1
siva,b,8000000525,kane528@mailinator.com,2,123123,123123,1,1
siva,a,8000000526,kane529@mailinator.com,2,123123,123123,1,1
siva,b,8000000527,kane530@mailinator.com,2,123123,123123,1,1
siva,a,8000000528,kane531@mailinator.com,2,123123,123123,1,1
siva,b,8000000529,kane532@mailinator.com,2,123123,123123,1,1
siva,a,8000000530,kane533@mailinator.com,2,123123,123123,1,1
siva,b,8000000531,kane534@mailinator.com,2,123123,123123,1,1
siva,a,8000000532,kane535@mailinator.com,2,123123,123123,1,1
siva,b,8000000533,kane536@mailinator.com,2,123123,123123,1,1
siva,a,8000000534,kane537@mailinator.com,2,123123,123123,1,1
siva,b,8000000535,kane538@mailinator.com,2,123123,123123,1,1
siva,a,8000000536,kane539@mailinator.com,2,123123,123123,1,1
siva,b,8000000537,kane540@mailinator.com,2,123123,123123,1,1
siva,a,8000000538,kane541@mailinator.com,2,123123,123123,1,1
siva,b,8000000539,kane542@mailinator.com,2,123123,123123,1,1
siva,a,8000000540,kane543@mailinator.com,2,123123,123123,1,1
siva,b,8000000541,kane544@mailinator.com,2,123123,123123,1,1
siva,a,8000000542,kane545@mailinator.com,2,123123,123123,1,1
siva,b,8000000543,kane546@mailinator.com,2,123123,123123,1,1
siva,a,8000000544,kane547@mailinator.com,2,123123,123123,1,1
siva,b,8000000545,kane548@mailinator.com,2,123123,123123,1,1
siva,a,8000000546,kane549@mailinator.com,2,123123,123123,1,1
siva,b,8000000547,kane550@mailinator.com,2,123123,123123,1,1
siva,a,8000000548,kane551@mailinator.com,2,123123,123123,1,1
siva,b,8000000549,kane552@mailinator.com,2,123123,123123,1,1
siva,a,8000000550,kane553@mailinator.com,2,123123,123123,1,1
siva,b,8000000551,kane554@mailinator.com,2,123123,123123,1,1
siva,a,8000000552,kane555@mailinator.com,2,123123,123123,1,1
siva,b,8000000553,kane556@mailinator.com,2,123123,123123,1,1
siva,a,8000000554,kane557@mailinator.com,2,123123,123123,1,1
siva,b,8000000555,kane558@mailinator.com,2,123123,123123,1,1
siva,a,8000000556,kane559@mailinator.com,2,123123,123123,1,1
siva,b,8000000557,kane560@mailinator.com,2,123123,123123,1,1
siva,a,8000000558,kane561@mailinator.com,2,123123,123123,1,1
siva,b,8000000559,kane562@mailinator.com,2,123123,123123,1,1
siva,a,8000000560,kane563@mailinator.com,2,123123,123123,1,1
siva,b,8000000561,kane564@mailinator.com,2,123123,123123,1,1
siva,a,8000000562,kane565@mailinator.com,2,123123,123123,1,1
siva,b,8000000563,kane566@mailinator.com,2,123123,123123,1,1
siva,a,8000000564,kane567@mailinator.com,2,123123,123123,1,1
siva,b,8000000565,kane568@mailinator.com,2,123123,123123,1,1
siva,a,8000000566,kane569@mailinator.com,2,123123,123123,1,1
siva,b,8000000567,kane570@mailinator.com,2,123123,123123,1,1
siva,a,8000000568,kane571@mailinator.com,2,123123,123123,1,1
siva,b,8000000569,kane572@mailinator.com,2,123123,123123,1,1
siva,a,8000000570,kane573@mailinator.com,2,123123,123123,1,1
siva,b,8000000571,kane574@mailinator.com,2,123123,123123,1,1
siva,a,8000000572,kane575@mailinator.com,2,123123,123123,1,1
siva,b,8000000573,kane576@mailinator.com,2,123123,123123,1,1
siva,a,8000000574,kane577@mailinator.com,2,123123,123123,1,1
siva,b,8000000575,kane578@mailinator.com,2,123123,123123,1,1
siva,a,8000000576,kane579@mailinator.com,2,123123,123123,1,1
siva,b,8000000577,kane580@mailinator.com,2,123123,123123,1,1
siva,a,8000000578,kane581@mailinator.com,2,123123,123123,1,1
siva,b,8000000579,kane582@mailinator.com,2,123123,123123,1,1
siva,a,8000000580,kane583@mailinator.com,2,123123,123123,1,1
siva,b,8000000581,kane584@mailinator.com,2,123123,123123,1,1
siva,a,8000000582,kane585@mailinator.com,2,123123,123123,1,1
siva,b,8000000583,kane586@mailinator.com,2,123123,123123,1,1
siva,a,8000000584,kane587@mailinator.com,2,123123,123123,1,1
siva,b,8000000585,kane588@mailinator.com,2,123123,123123,1,1
siva,a,8000000586,kane589@mailinator.com,2,123123,123123,1,1
siva,b,8000000587,kane590@mailinator.com,2,123123,123123,1,1
siva,a,8000000588,kane591@mailinator.com,2,123123,123123,1,1
siva,b,8000000589,kane592@mailinator.com,2,123123,123123,1,1
siva,a,8000000590,kane593@mailinator.com,2,123123,123123,1,1
siva,b,8000000591,kane594@mailinator.com,2,123123,123123,1,1
siva,a,8000000592,kane595@mailinator.com,2,123123,123123,1,1
siva,b,8000000593,kane596@mailinator.com,2,123123,123123,1,1
siva,a,8000000594,kane597@mailinator.com,2,123123,123123,1,1
siva,b,8000000595,kane598@mailinator.com,2,123123,123123,1,1
siva,a,8000000596,kane599@mailinator.com,2,123123,123123,1,1
siva,b,8000000597,kane600@mailinator.com,2,123123,123123,1,1
siva,a,8000000598,kane601@mailinator.com,2,123123,123123,1,1
siva,b,8000000599,kane602@mailinator.com,2,123123,123123,1,1
siva,a,8000000600,kane603@mailinator.com,2,123123,123123,1,1
siva,b,8000000601,kane604@mailinator.com,2,123123,123123,1,1
siva,a,8000000602,kane605@mailinator.com,2,123123,123123,1,1
siva,b,8000000603,kane606@mailinator.com,2,123123,123123,1,1
siva,a,8000000604,kane607@mailinator.com,2,123123,123123,1,1
siva,b,8000000605,kane608@mailinator.com,2,123123,123123,1,1
siva,a,8000000606,kane609@mailinator.com,2,123123,123123,1,1
siva,b,8000000607,kane610@mailinator.com,2,123123,123123,1,1
siva,a,8000000608,kane611@mailinator.com,2,123123,123123,1,1
siva,b,8000000609,kane612@mailinator.com,2,123123,123123,1,1
siva,a,8000000610,kane613@mailinator.com,2,123123,123123,1,1
siva,b,8000000611,kane614@mailinator.com,2,123123,123123,1,1
siva,a,8000000612,kane615@mailinator.com,2,123123,123123,1,1
siva,b,8000000613,kane616@mailinator.com,2,123123,123123,1,1
siva,a,8000000614,kane617@mailinator.com,2,123123,123123,1,1
siva,b,8000000615,kane618@mailinator.com,2,123123,123123,1,1
siva,a,8000000616,kane619@mailinator.com,2,123123,123123,1,1
siva,b,8000000617,kane620@mailinator.com,2,123123,123123,1,1
siva,a,8000000618,kane621@mailinator.com,2,123123,123123,1,1
siva,b,8000000619,kane622@mailinator.com,2,123123,123123,1,1
siva,a,8000000620,kane623@mailinator.com,2,123123,123123,1,1
siva,b,8000000621,kane624@mailinator.com,2,123123,123123,1,1
siva,a,8000000622,kane625@mailinator.com,2,123123,123123,1,1
siva,b,8000000623,kane626@mailinator.com,2,123123,123123,1,1
siva,a,8000000624,kane627@mailinator.com,2,123123,123123,1,1
siva,b,8000000625,kane628@mailinator.com,2,123123,123123,1,1
siva,a,8000000626,kane629@mailinator.com,2,123123,123123,1,1
siva,b,8000000627,kane630@mailinator.com,2,123123,123123,1,1
siva,a,8000000628,kane631@mailinator.com,2,123123,123123,1,1
siva,b,8000000629,kane632@mailinator.com,2,123123,123123,1,1
siva,a,8000000630,kane633@mailinator.com,2,123123,123123,1,1
siva,b,8000000631,kane634@mailinator.com,2,123123,123123,1,1
siva,a,8000000632,kane635@mailinator.com,2,123123,123123,1,1
siva,b,8000000633,kane636@mailinator.com,2,123123,123123,1,1
siva,a,8000000634,kane637@mailinator.com,2,123123,123123,1,1
siva,b,8000000635,kane638@mailinator.com,2,123123,123123,1,1
siva,a,8000000636,kane639@mailinator.com,2,123123,123123,1,1
siva,b,8000000637,kane640@mailinator.com,2,123123,123123,1,1
siva,a,8000000638,kane641@mailinator.com,2,123123,123123,1,1
siva,b,8000000639,kane642@mailinator.com,2,123123,123123,1,1
siva,a,8000000640,kane643@mailinator.com,2,123123,123123,1,1
siva,b,8000000641,kane644@mailinator.com,2,123123,123123,1,1
siva,a,8000000642,kane645@mailinator.com,2,123123,123123,1,1
siva,b,8000000643,kane646@mailinator.com,2,123123,123123,1,1
siva,a,8000000644,kane647@mailinator.com,2,123123,123123,1,1
siva,b,8000000645,kane648@mailinator.com,2,123123,123123,1,1
siva,a,8000000646,kane649@mailinator.com,2,123123,123123,1,1
siva,b,8000000647,kane650@mailinator.com,2,123123,123123,1,1
siva,a,8000000648,kane651@mailinator.com,2,123123,123123,1,1
siva,b,8000000649,kane652@mailinator.com,2,123123,123123,1,1
siva,a,8000000650,kane653@mailinator.com,2,123123,123123,1,1
siva,b,8000000651,kane654@mailinator.com,2,123123,123123,1,1
siva,a,8000000652,kane655@mailinator.com,2,123123,123123,1,1
siva,b,8000000653,kane656@mailinator.com,2,123123,123123,1,1
siva,a,8000000654,kane657@mailinator.com,2,123123,123123,1,1
siva,b,8000000655,kane658@mailinator.com,2,123123,123123,1,1
siva,a,8000000656,kane659@mailinator.com,2,123123,123123,1,1
siva,b,8000000657,kane660@mailinator.com,2,123123,123123,1,1
siva,a,8000000658,kane661@mailinator.com,2,123123,123123,1,1
siva,b,8000000659,kane662@mailinator.com,2,123123,123123,1,1
siva,a,8000000660,kane663@mailinator.com,2,123123,123123,1,1
siva,b,8000000661,kane664@mailinator.com,2,123123,123123,1,1
siva,a,8000000662,kane665@mailinator.com,2,123123,123123,1,1
siva,b,8000000663,kane666@mailinator.com,2,123123,123123,1,1
siva,a,8000000664,kane667@mailinator.com,2,123123,123123,1,1
siva,b,8000000665,kane668@mailinator.com,2,123123,123123,1,1
siva,a,8000000666,kane669@mailinator.com,2,123123,123123,1,1
siva,b,8000000667,kane670@mailinator.com,2,123123,123123,1,1
siva,a,8000000668,kane671@mailinator.com,2,123123,123123,1,1
siva,b,8000000669,kane672@mailinator.com,2,123123,123123,1,1
siva,a,8000000670,kane673@mailinator.com,2,123123,123123,1,1
siva,b,8000000671,kane674@mailinator.com,2,123123,123123,1,1
siva,a,8000000672,kane675@mailinator.com,2,123123,123123,1,1
siva,b,8000000673,kane676@mailinator.com,2,123123,123123,1,1
siva,a,8000000674,kane677@mailinator.com,2,123123,123123,1,1
siva,b,8000000675,kane678@mailinator.com,2,123123,123123,1,1
siva,a,8000000676,kane679@mailinator.com,2,123123,123123,1,1
siva,b,8000000677,kane680@mailinator.com,2,123123,123123,1,1
siva,a,8000000678,kane681@mailinator.com,2,123123,123123,1,1
siva,b,8000000679,kane682@mailinator.com,2,123123,123123,1,1
siva,a,8000000680,kane683@mailinator.com,2,123123,123123,1,1
siva,b,8000000681,kane684@mailinator.com,2,123123,123123,1,1
siva,a,8000000682,kane685@mailinator.com,2,123123,123123,1,1
siva,b,8000000683,kane686@mailinator.com,2,123123,123123,1,1
siva,a,8000000684,kane687@mailinator.com,2,123123,123123,1,1
siva,b,8000000685,kane688@mailinator.com,2,123123,123123,1,1
siva,a,8000000686,kane689@mailinator.com,2,123123,123123,1,1
siva,b,8000000687,kane690@mailinator.com,2,123123,123123,1,1
siva,a,8000000688,kane691@mailinator.com,2,123123,123123,1,1
siva,b,8000000689,kane692@mailinator.com,2,123123,123123,1,1
siva,a,8000000690,kane693@mailinator.com,2,123123,123123,1,1
siva,b,8000000691,kane694@mailinator.com,2,123123,123123,1,1
siva,a,8000000692,kane695@mailinator.com,2,123123,123123,1,1
siva,b,8000000693,kane696@mailinator.com,2,123123,123123,1,1
siva,a,8000000694,kane697@mailinator.com,2,123123,123123,1,1
siva,b,8000000695,kane698@mailinator.com,2,123123,123123,1,1
siva,a,8000000696,kane699@mailinator.com,2,123123,123123,1,1
siva,b,8000000697,kane700@mailinator.com,2,123123,123123,1,1
siva,a,8000000698,kane701@mailinator.com,2,123123,123123,1,1
siva,b,8000000699,kane702@mailinator.com,2,123123,123123,1,1
siva,a,8000000700,kane703@mailinator.com,2,123123,123123,1,1
siva,b,8000000701,kane704@mailinator.com,2,123123,123123,1,1
siva,a,8000000702,kane705@mailinator.com,2,123123,123123,1,1
siva,b,8000000703,kane706@mailinator.com,2,123123,123123,1,1
siva,a,8000000704,kane707@mailinator.com,2,123123,123123,1,1
siva,b,8000000705,kane708@mailinator.com,2,123123,123123,1,1
siva,a,8000000706,kane709@mailinator.com,2,123123,123123,1,1
siva,b,8000000707,kane710@mailinator.com,2,123123,123123,1,1
siva,a,8000000708,kane711@mailinator.com,2,123123,123123,1,1
siva,b,8000000709,kane712@mailinator.com,2,123123,123123,1,1
siva,a,8000000710,kane713@mailinator.com,2,123123,123123,1,1
siva,b,8000000711,kane714@mailinator.com,2,123123,123123,1,1
siva,a,8000000712,kane715@mailinator.com,2,123123,123123,1,1
siva,b,8000000713,kane716@mailinator.com,2,123123,123123,1,1
siva,a,8000000714,kane717@mailinator.com,2,123123,123123,1,1
siva,b,8000000715,kane718@mailinator.com,2,123123,123123,1,1
siva,a,8000000716,kane719@mailinator.com,2,123123,123123,1,1
siva,b,8000000717,kane720@mailinator.com,2,123123,123123,1,1
siva,a,8000000718,kane721@mailinator.com,2,123123,123123,1,1
siva,b,8000000719,kane722@mailinator.com,2,123123,123123,1,1
siva,a,8000000720,kane723@mailinator.com,2,123123,123123,1,1
siva,b,8000000721,kane724@mailinator.com,2,123123,123123,1,1
siva,a,8000000722,kane725@mailinator.com,2,123123,123123,1,1
siva,b,8000000723,kane726@mailinator.com,2,123123,123123,1,1
siva,a,8000000724,kane727@mailinator.com,2,123123,123123,1,1
siva,b,8000000725,kane728@mailinator.com,2,123123,123123,1,1
siva,a,8000000726,kane729@mailinator.com,2,123123,123123,1,1
siva,b,8000000727,kane730@mailinator.com,2,123123,123123,1,1
siva,a,8000000728,kane731@mailinator.com,2,123123,123123,1,1
siva,b,8000000729,kane732@mailinator.com,2,123123,123123,1,1
siva,a,8000000730,kane733@mailinator.com,2,123123,123123,1,1
siva,b,8000000731,kane734@mailinator.com,2,123123,123123,1,1
siva,a,8000000732,kane735@mailinator.com,2,123123,123123,1,1
siva,b,8000000733,kane736@mailinator.com,2,123123,123123,1,1
siva,a,8000000734,kane737@mailinator.com,2,123123,123123,1,1
siva,b,8000000735,kane738@mailinator.com,2,123123,123123,1,1
siva,a,8000000736,kane739@mailinator.com,2,123123,123123,1,1
siva,b,8000000737,kane740@mailinator.com,2,123123,123123,1,1
siva,a,8000000738,kane741@mailinator.com,2,123123,123123,1,1
siva,b,8000000739,kane742@mailinator.com,2,123123,123123,1,1
siva,a,8000000740,kane743@mailinator.com,2,123123,123123,1,1
siva,b,8000000741,kane744@mailinator.com,2,123123,123123,1,1
siva,a,8000000742,kane745@mailinator.com,2,123123,123123,1,1
siva,b,8000000743,kane746@mailinator.com,2,123123,123123,1,1
siva,a,8000000744,kane747@mailinator.com,2,123123,123123,1,1
siva,b,8000000745,kane748@mailinator.com,2,123123,123123,1,1
siva,a,8000000746,kane749@mailinator.com,2,123123,123123,1,1
siva,b,8000000747,kane750@mailinator.com,2,123123,123123,1,1
siva,a,8000000748,kane751@mailinator.com,2,123123,123123,1,1
siva,b,8000000749,kane752@mailinator.com,2,123123,123123,1,1
siva,a,8000000750,kane753@mailinator.com,2,123123,123123,1,1
siva,b,8000000751,kane754@mailinator.com,2,123123,123123,1,1
siva,a,8000000752,kane755@mailinator.com,2,123123,123123,1,1
siva,b,8000000753,kane756@mailinator.com,2,123123,123123,1,1
siva,a,8000000754,kane757@mailinator.com,2,123123,123123,1,1
siva,b,8000000755,kane758@mailinator.com,2,123123,123123,1,1
siva,a,8000000756,kane759@mailinator.com,2,123123,123123,1,1
siva,b,8000000757,kane760@mailinator.com,2,123123,123123,1,1
siva,a,8000000758,kane761@mailinator.com,2,123123,123123,1,1
siva,b,8000000759,kane762@mailinator.com,2,123123,123123,1,1
siva,a,8000000760,kane763@mailinator.com,2,123123,123123,1,1
siva,b,8000000761,kane764@mailinator.com,2,123123,123123,1,1
siva,a,8000000762,kane765@mailinator.com,2,123123,123123,1,1
siva,b,8000000763,kane766@mailinator.com,2,123123,123123,1,1
siva,a,8000000764,kane767@mailinator.com,2,123123,123123,1,1
siva,b,8000000765,kane768@mailinator.com,2,123123,123123,1,1
siva,a,8000000766,kane769@mailinator.com,2,123123,123123,1,1
siva,b,8000000767,kane770@mailinator.com,2,123123,123123,1,1
siva,a,8000000768,kane771@mailinator.com,2,123123,123123,1,1
siva,b,8000000769,kane772@mailinator.com,2,123123,123123,1,1
siva,a,8000000770,kane773@mailinator.com,2,123123,123123,1,1
siva,b,8000000771,kane774@mailinator.com,2,123123,123123,1,1
siva,a,8000000772,kane775@mailinator.com,2,123123,123123,1,1
siva,b,8000000773,kane776@mailinator.com,2,123123,123123,1,1
siva,a,8000000774,kane777@mailinator.com,2,123123,123123,1,1
siva,b,8000000775,kane778@mailinator.com,2,123123,123123,1,1
siva,a,8000000776,kane779@mailinator.com,2,123123,123123,1,1
siva,b,8000000777,kane780@mailinator.com,2,123123,123123,1,1
siva,a,8000000778,kane781@mailinator.com,2,123123,123123,1,1
siva,b,8000000779,kane782@mailinator.com,2,123123,123123,1,1
siva,a,8000000780,kane783@mailinator.com,2,123123,123123,1,1
siva,b,8000000781,kane784@mailinator.com,2,123123,123123,1,1
siva,a,8000000782,kane785@mailinator.com,2,123123,123123,1,1
siva,b,8000000783,kane786@mailinator.com,2,123123,123123,1,1
siva,a,8000000784,kane787@mailinator.com,2,123123,123123,1,1
siva,b,8000000785,kane788@mailinator.com,2,123123,123123,1,1
siva,a,8000000786,kane789@mailinator.com,2,123123,123123,1,1
siva,b,8000000787,kane790@mailinator.com,2,123123,123123,1,1
siva,a,8000000788,kane791@mailinator.com,2,123123,123123,1,1
siva,b,8000000789,kane792@mailinator.com,2,123123,123123,1,1
siva,a,8000000790,kane793@mailinator.com,2,123123,123123,1,1
siva,b,8000000791,kane794@mailinator.com,2,123123,123123,1,1
siva,a,8000000792,kane795@mailinator.com,2,123123,123123,1,1
siva,b,8000000793,kane796@mailinator.com,2,123123,123123,1,1
siva,a,8000000794,kane797@mailinator.com,2,123123,123123,1,1
siva,b,8000000795,kane798@mailinator.com,2,123123,123123,1,1
siva,a,8000000796,kane799@mailinator.com,2,123123,123123,1,1
siva,b,8000000797,kane800@mailinator.com,2,123123,123123,1,1
siva,a,8000000798,kane801@mailinator.com,2,123123,123123,1,1
siva,b,8000000799,kane802@mailinator.com,2,123123,123123,1,1
siva,a,8000000800,kane803@mailinator.com,2,123123,123123,1,1
siva,b,8000000801,kane804@mailinator.com,2,123123,123123,1,1
siva,a,8000000802,kane805@mailinator.com,2,123123,123123,1,1
siva,b,8000000803,kane806@mailinator.com,2,123123,123123,1,1
siva,a,8000000804,kane807@mailinator.com,2,123123,123123,1,1
siva,b,8000000805,kane808@mailinator.com,2,123123,123123,1,1
siva,a,8000000806,kane809@mailinator.com,2,123123,123123,1,1
siva,b,8000000807,kane810@mailinator.com,2,123123,123123,1,1
siva,a,8000000808,kane811@mailinator.com,2,123123,123123,1,1
siva,b,8000000809,kane812@mailinator.com,2,123123,123123,1,1
siva,a,8000000810,kane813@mailinator.com,2,123123,123123,1,1
siva,b,8000000811,kane814@mailinator.com,2,123123,123123,1,1
siva,a,8000000812,kane815@mailinator.com,2,123123,123123,1,1
siva,b,8000000813,kane816@mailinator.com,2,123123,123123,1,1
siva,a,8000000814,kane817@mailinator.com,2,123123,123123,1,1
siva,b,8000000815,kane818@mailinator.com,2,123123,123123,1,1
siva,a,8000000816,kane819@mailinator.com,2,123123,123123,1,1
siva,b,8000000817,kane820@mailinator.com,2,123123,123123,1,1
siva,a,8000000818,kane821@mailinator.com,2,123123,123123,1,1
siva,b,8000000819,kane822@mailinator.com,2,123123,123123,1,1
siva,a,8000000820,kane823@mailinator.com,2,123123,123123,1,1
siva,b,8000000821,kane824@mailinator.com,2,123123,123123,1,1
siva,a,8000000822,kane825@mailinator.com,2,123123,123123,1,1
siva,b,8000000823,kane826@mailinator.com,2,123123,123123,1,1
siva,a,8000000824,kane827@mailinator.com,2,123123,123123,1,1
siva,b,8000000825,kane828@mailinator.com,2,123123,123123,1,1
siva,a,8000000826,kane829@mailinator.com,2,123123,123123,1,1
siva,b,8000000827,kane830@mailinator.com,2,123123,123123,1,1
siva,a,8000000828,kane831@mailinator.com,2,123123,123123,1,1
siva,b,8000000829,kane832@mailinator.com,2,123123,123123,1,1
siva,a,8000000830,kane833@mailinator.com,2,123123,123123,1,1
siva,b,8000000831,kane834@mailinator.com,2,123123,123123,1,1
siva,a,8000000832,kane835@mailinator.com,2,123123,123123,1,1
siva,b,8000000833,kane836@mailinator.com,2,123123,123123,1,1
siva,a,8000000834,kane837@mailinator.com,2,123123,123123,1,1
siva,b,8000000835,kane838@mailinator.com,2,123123,123123,1,1
siva,a,8000000836,kane839@mailinator.com,2,123123,123123,1,1
siva,b,8000000837,kane840@mailinator.com,2,123123,123123,1,1
siva,a,8000000838,kane841@mailinator.com,2,123123,123123,1,1
siva,b,8000000839,kane842@mailinator.com,2,123123,123123,1,1
siva,a,8000000840,kane843@mailinator.com,2,123123,123123,1,1
siva,b,8000000841,kane844@mailinator.com,2,123123,123123,1,1
siva,a,8000000842,kane845@mailinator.com,2,123123,123123,1,1
siva,b,8000000843,kane846@mailinator.com,2,123123,123123,1,1
siva,a,8000000844,kane847@mailinator.com,2,123123,123123,1,1
siva,b,8000000845,kane848@mailinator.com,2,123123,123123,1,1
siva,a,8000000846,kane849@mailinator.com,2,123123,123123,1,1
siva,b,8000000847,kane850@mailinator.com,2,123123,123123,1,1
siva,a,8000000848,kane851@mailinator.com,2,123123,123123,1,1
siva,b,8000000849,kane852@mailinator.com,2,123123,123123,1,1
siva,a,8000000850,kane853@mailinator.com,2,123123,123123,1,1
siva,b,8000000851,kane854@mailinator.com,2,123123,123123,1,1
siva,a,8000000852,kane855@mailinator.com,2,123123,123123,1,1
siva,b,8000000853,kane856@mailinator.com,2,123123,123123,1,1
siva,a,8000000854,kane857@mailinator.com,2,123123,123123,1,1
siva,b,8000000855,kane858@mailinator.com,2,123123,123123,1,1
siva,a,8000000856,kane859@mailinator.com,2,123123,123123,1,1
siva,b,8000000857,kane860@mailinator.com,2,123123,123123,1,1
siva,a,8000000858,kane861@mailinator.com,2,123123,123123,1,1
siva,b,8000000859,kane862@mailinator.com,2,123123,123123,1,1
siva,a,8000000860,kane863@mailinator.com,2,123123,123123,1,1
siva,b,8000000861,kane864@mailinator.com,2,123123,123123,1,1
siva,a,8000000862,kane865@mailinator.com,2,123123,123123,1,1
siva,b,8000000863,kane866@mailinator.com,2,123123,123123,1,1
siva,a,8000000864,kane867@mailinator.com,2,123123,123123,1,1
siva,b,8000000865,kane868@mailinator.com,2,123123,123123,1,1
siva,a,8000000866,kane869@mailinator.com,2,123123,123123,1,1
siva,b,8000000867,kane870@mailinator.com,2,123123,123123,1,1
siva,a,8000000868,kane871@mailinator.com,2,123123,123123,1,1
siva,b,8000000869,kane872@mailinator.com,2,123123,123123,1,1
siva,a,8000000870,kane873@mailinator.com,2,123123,123123,1,1
siva,b,8000000871,kane874@mailinator.com,2,123123,123123,1,1
siva,a,8000000872,kane875@mailinator.com,2,123123,123123,1,1
siva,b,8000000873,kane876@mailinator.com,2,123123,123123,1,1
siva,a,8000000874,kane877@mailinator.com,2,123123,123123,1,1
siva,b,8000000875,kane878@mailinator.com,2,123123,123123,1,1
siva,a,8000000876,kane879@mailinator.com,2,123123,123123,1,1
siva,b,8000000877,kane880@mailinator.com,2,123123,123123,1,1
siva,a,8000000878,kane881@mailinator.com,2,123123,123123,1,1
siva,b,8000000879,kane882@mailinator.com,2,123123,123123,1,1
siva,a,8000000880,kane883@mailinator.com,2,123123,123123,1,1
siva,b,8000000881,kane884@mailinator.com,2,123123,123123,1,1
siva,a,8000000882,kane885@mailinator.com,2,123123,123123,1,1
siva,b,8000000883,kane886@mailinator.com,2,123123,123123,1,1
siva,a,8000000884,kane887@mailinator.com,2,123123,123123,1,1
siva,b,8000000885,kane888@mailinator.com,2,123123,123123,1,1
siva,a,8000000886,kane889@mailinator.com,2,123123,123123,1,1
siva,b,8000000887,kane890@mailinator.com,2,123123,123123,1,1
siva,a,8000000888,kane891@mailinator.com,2,123123,123123,1,1
siva,b,8000000889,kane892@mailinator.com,2,123123,123123,1,1
siva,a,8000000890,kane893@mailinator.com,2,123123,123123,1,1
siva,b,8000000891,kane894@mailinator.com,2,123123,123123,1,1
siva,a,8000000892,kane895@mailinator.com,2,123123,123123,1,1
siva,b,8000000893,kane896@mailinator.com,2,123123,123123,1,1
siva,a,8000000894,kane897@mailinator.com,2,123123,123123,1,1
siva,b,8000000895,kane898@mailinator.com,2,123123,123123,1,1
siva,a,8000000896,kane899@mailinator.com,2,123123,123123,1,1
siva,b,8000000897,kane900@mailinator.com,2,123123,123123,1,1
siva,a,8000000898,kane901@mailinator.com,2,123123,123123,1,1
siva,b,8000000899,kane902@mailinator.com,2,123123,123123,1,1
siva,a,8000000900,kane903@mailinator.com,2,123123,123123,1,1
siva,b,8000000901,kane904@mailinator.com,2,123123,123123,1,1
siva,a,8000000902,kane905@mailinator.com,2,123123,123123,1,1
siva,b,8000000903,kane906@mailinator.com,2,123123,123123,1,1
siva,a,8000000904,kane907@mailinator.com,2,123123,123123,1,1
siva,b,8000000905,kane908@mailinator.com,2,123123,123123,1,1
siva,a,8000000906,kane909@mailinator.com,2,123123,123123,1,1
siva,b,8000000907,kane910@mailinator.com,2,123123,123123,1,1
siva,a,8000000908,kane911@mailinator.com,2,123123,123123,1,1
siva,b,8000000909,kane912@mailinator.com,2,123123,123123,1,1
siva,a,8000000910,kane913@mailinator.com,2,123123,123123,1,1
siva,b,8000000911,kane914@mailinator.com,2,123123,123123,1,1
siva,a,8000000912,kane915@mailinator.com,2,123123,123123,1,1
siva,b,8000000913,kane916@mailinator.com,2,123123,123123,1,1
siva,a,8000000914,kane917@mailinator.com,2,123123,123123,1,1
siva,b,8000000915,kane918@mailinator.com,2,123123,123123,1,1
siva,a,8000000916,kane919@mailinator.com,2,123123,123123,1,1
siva,b,8000000917,kane920@mailinator.com,2,123123,123123,1,1
siva,a,8000000918,kane921@mailinator.com,2,123123,123123,1,1
siva,b,8000000919,kane922@mailinator.com,2,123123,123123,1,1
siva,a,8000000920,kane923@mailinator.com,2,123123,123123,1,1
siva,b,8000000921,kane924@mailinator.com,2,123123,123123,1,1
siva,a,8000000922,kane925@mailinator.com,2,123123,123123,1,1
siva,b,8000000923,kane926@mailinator.com,2,123123,123123,1,1
siva,a,8000000924,kane927@mailinator.com,2,123123,123123,1,1
siva,b,8000000925,kane928@mailinator.com,2,123123,123123,1,1
siva,a,8000000926,kane929@mailinator.com,2,123123,123123,1,1
siva,b,8000000927,kane930@mailinator.com,2,123123,123123,1,1
siva,a,8000000928,kane931@mailinator.com,2,123123,123123,1,1
siva,b,8000000929,kane932@mailinator.com,2,123123,123123,1,1
siva,a,8000000930,kane933@mailinator.com,2,123123,123123,1,1
siva,b,8000000931,kane934@mailinator.com,2,123123,123123,1,1
siva,a,8000000932,kane935@mailinator.com,2,123123,123123,1,1
siva,b,8000000933,kane936@mailinator.com,2,123123,123123,1,1
siva,a,8000000934,kane937@mailinator.com,2,123123,123123,1,1
siva,b,8000000935,kane938@mailinator.com,2,123123,123123,1,1
siva,a,8000000936,kane939@mailinator.com,2,123123,123123,1,1
siva,b,8000000937,kane940@mailinator.com,2,123123,123123,1,1
siva,a,8000000938,kane941@mailinator.com,2,123123,123123,1,1
siva,b,8000000939,kane942@mailinator.com,2,123123,123123,1,1
siva,a,8000000940,kane943@mailinator.com,2,123123,123123,1,1
siva,b,8000000941,kane944@mailinator.com,2,123123,123123,1,1
siva,a,8000000942,kane945@mailinator.com,2,123123,123123,1,1
siva,b,8000000943,kane946@mailinator.com,2,123123,123123,1,1
siva,a,8000000944,kane947@mailinator.com,2,123123,123123,1,1
siva,b,8000000945,kane948@mailinator.com,2,123123,123123,1,1
siva,a,8000000946,kane949@mailinator.com,2,123123,123123,1,1
siva,b,8000000947,kane950@mailinator.com,2,123123,123123,1,1
siva,a,8000000948,kane951@mailinator.com,2,123123,123123,1,1
siva,b,8000000949,kane952@mailinator.com,2,123123,123123,1,1
siva,a,8000000950,kane953@mailinator.com,2,123123,123123,1,1
siva,b,8000000951,kane954@mailinator.com,2,123123,123123,1,1
siva,a,8000000952,kane955@mailinator.com,2,123123,123123,1,1
siva,b,8000000953,kane956@mailinator.com,2,123123,123123,1,1
siva,a,8000000954,kane957@mailinator.com,2,123123,123123,1,1
siva,b,8000000955,kane958@mailinator.com,2,123123,123123,1,1
siva,a,8000000956,kane959@mailinator.com,2,123123,123123,1,1
siva,b,8000000957,kane960@mailinator.com,2,123123,123123,1,1
siva,a,8000000958,kane961@mailinator.com,2,123123,123123,1,1
siva,b,8000000959,kane962@mailinator.com,2,123123,123123,1,1
siva,a,8000000960,kane963@mailinator.com,2,123123,123123,1,1
siva,b,8000000961,kane964@mailinator.com,2,123123,123123,1,1
siva,a,8000000962,kane965@mailinator.com,2,123123,123123,1,1
siva,b,8000000963,kane966@mailinator.com,2,123123,123123,1,1
siva,a,8000000964,kane967@mailinator.com,2,123123,123123,1,1
siva,b,8000000965,kane968@mailinator.com,2,123123,123123,1,1
siva,a,8000000966,kane969@mailinator.com,2,123123,123123,1,1
siva,b,8000000967,kane970@mailinator.com,2,123123,123123,1,1
siva,a,8000000968,kane971@mailinator.com,2,123123,123123,1,1
siva,b,8000000969,kane972@mailinator.com,2,123123,123123,1,1
siva,a,8000000970,kane973@mailinator.com,2,123123,123123,1,1
siva,b,8000000971,kane974@mailinator.com,2,123123,123123,1,1
siva,a,8000000972,kane975@mailinator.com,2,123123,123123,1,1
siva,b,8000000973,kane976@mailinator.com,2,123123,123123,1,1
siva,a,8000000974,kane977@mailinator.com,2,123123,123123,1,1
siva,b,8000000975,kane978@mailinator.com,2,123123,123123,1,1
siva,a,8000000976,kane979@mailinator.com,2,123123,123123,1,1
siva,b,8000000977,kane980@mailinator.com,2,123123,123123,1,1
siva,a,8000000978,kane981@mailinator.com,2,123123,123123,1,1
siva,b,8000000979,kane982@mailinator.com,2,123123,123123,1,1
siva,a,8000000980,kane983@mailinator.com,2,123123,123123,1,1
siva,b,8000000981,kane984@mailinator.com,2,123123,123123,1,1
siva,a,8000000982,kane985@mailinator.com,2,123123,123123,1,1
siva,b,8000000983,kane986@mailinator.com,2,123123,123123,1,1
siva,a,8000000984,kane987@mailinator.com,2,123123,123123,1,1
siva,b,8000000985,kane988@mailinator.com,2,123123,123123,1,1
siva,a,8000000986,kane989@mailinator.com,2,123123,123123,1,1
siva,b,8000000987,kane990@mailinator.com,2,123123,123123,1,1
siva,a,8000000988,kane991@mailinator.com,2,123123,123123,1,1
siva,b,8000000989,kane992@mailinator.com,2,123123,123123,1,1
siva,a,8000000990,kane993@mailinator.com,2,123123,123123,1,1
siva,b,8000000991,kane994@mailinator.com,2,123123,123123,1,1
siva,a,8000000992,kane995@mailinator.com,2,123123,123123,1,1
siva,b,8000000993,kane996@mailinator.com,2,123123,123123,1,1
siva,a,8000000994,kane997@mailinator.com,2,123123,123123,1,1
siva,b,8000000995,kane998@mailinator.com,2,123123,123123,1,1
siva,a,8000000996,kane999@mailinator.com,2,123123,123123,1,1
siva,b,8000000997,kane1000@mailinator.com,2,123123,123123,1,1
siva,a,8000000998,kane1001@mailinator.com,2,123123,123123,1,1
